id_transacao,id_cliente,data_transacao,valor,status,canal
1001,501,2026-09-01,150.50,aprovado,app
1002,502,2026-09-01,89.90,aprovado,web
1003,503,2026-09-02,1250.00,aprovado,app
1004,504,2026-09-02,45.90,aprovado,pix
1005,505,2026-09-03,320.00,recusado,app
1006,506,2026-09-03,780.50,aprovado,web
1007,507,2026-09-04,59.90,aprovado,pix
1008,508,2026-09-04,2100.00,aprovado,app
1009,509,2026-09-05,35.00,aprovado,web
1010,510,2026-09-05,450.00,aprovado,pix
1011,511,2026-09-06,125.00,aprovado,app
1012,512,2026-09-06,670.00,recusado,web
1013,513,2026-09-07,95.50,aprovado,pix
1014,514,2026-09-07,3500.00,aprovado,app
1015,515,2026-09-08,180.00,aprovado,web
1016,516,2026-09-08,72.90,aprovado,pix
1017,517,2026-09-09,920.00,aprovado,app
1018,518,2026-09-09,150.00,aprovado,web
1019,519,2026-09-10,-50.00,aprovado,app
1020,520,2026-09-10,4500.00,aprovado,pix
1020,520,2026-09-10,4500.00,aprovado,pix
1021,,2026-09-11,250.00,aprovado,app
1022,522,2026-09-31,180.00,aprovado,web
1023,523,2026-09-12,,aprovado,pix
1024,,2026-09-12,320.00,pendente,app
1025,525,2026-09-13,99999.00,aprovado,app